timestamp,target_yaw_angle,current_yaw_angle
3985050,116450,116450
3994050,116450,116450
4003050,30000,116450
4012050,30000,116325
4022050,30000,115911
4032050,30000,115489
4042050,30000,115064
4052050,30000,114663
4062050,30000,114259
4072050,30000,113858
4082050,30000,113440
4092050,30000,113005
4102050,30000,112584
4112050,30000,112146
4122050,30000,111720
4132050,30000,111283
4142050,30000,110878
4152050,30000,110470
4162050,30000,110072
4172050,30000,109670
4182050,30000,109239
4192050,30000,108815
4202050,30000,108386
4212050,30000,107963
4222050,30000,107521
4232050,30000,107100
4242050,30000,106683
4252050,30000,106284
4262050,30000,105876
4272050,30000,105474
4282050,30000,105042
4292050,30000,104617
4302050,30000,104185
4312050,30000,103748
4322050,30000,103322
4332050,30000,102893
4342050,30000,102497
4352050,30000,102083
4362050,30000,101694
4372050,30000,101271
4382050,30000,100845
4392050,30000,100413
4402050,30000,99994
4412050,30000,99556
4422050,30000,99132
4432050,30000,98712
4442050,30000,98308
4452050,30000,97903
4462050,30000,97504
4472050,30000,97085
4482050,30000,96651
4492050,30000,96226
4502050,30000,95788
4512050,30000,95364
4522050,30000,94926
4532050,30000,94521
4542050,30000,94113
4552050,30000,93712
4562050,30000,93315
4572050,30000,92882
4582050,30000,92459
4592050,30000,92030
4602050,30000,91608
4612050,30000,91167
4622050,30000,90746
4632050,30000,90325
4642050,30000,89924
4652050,30000,89517
4662050,30000,89113
4672050,30000,88684
4682050,30000,88260
4692050,30000,87827
4702050,30000,87394
4712050,30000,86965
4722050,30000,86532
4732050,30000,86136
4742050,30000,85725
4752050,30000,85332
4762050,30000,84922
4772050,30000,84486
4782050,30000,84061
4792050,30000,83637
4802050,30000,83202
4812050,30000,82776
4822050,30000,82345
4832050,30000,81940
4842050,30000,81535
4852050,30000,81134
4862050,30000,80719
4872050,30000,80284
4882050,30000,79859
4892050,30000,79425
4902050,30000,79000
4912050,30000,78562
4922050,30000,78151
4932050,30000,77744
4942050,30000,77344
4952050,30000,76948
4962050,30000,76516
4972050,30000,76093
4982050,30000,75665
4992050,30000,75242
5002050,30000,74801
5012050,30000,74380
5022050,30000,73958
5032050,30000,73558
5042050,30000,73154
5052050,30000,72747
5062050,30000,72320
5072050,30000,71892
5082050,30000,71461
5092050,30000,71029
5102050,30000,70598
5112050,30000,70164
5122050,30000,69769
5132050,30000,69360
5142050,30000,68967
5152050,30000,68556
5162050,30000,68122
5172050,30000,67700
5182050,30000,67274
5192050,30000,66844
5202050,30000,66409
5212050,30000,65979
5222050,30000,65574
5232050,30000,65170
5242050,30000,64768
5252050,30000,64356
5262050,30000,63919
5272050,30000,63492
5282050,30000,63060
5292050,30000,62633
5302050,30000,62198
5312050,30000,61787
5322050,30000,61383
5332050,30000,60976
5342050,30000,60584
5352050,30000,60150
5362050,30000,59730
5372050,30000,59300
5382050,30000,58881
5392050,30000,58439
5402050,30000,58017
5412050,30000,57594
5422050,30000,57193
5432050,30000,56789
5442050,30000,56380
5452050,30000,55959
5462050,30000,55525
5472050,30000,55101
5482050,30000,54661
5492050,30000,54232
5502050,30000,53798
5512050,30000,53402
5522050,30000,52993
5532050,30000,52602
5542050,30000,52189
5552050,30000,51756
5562050,30000,51334
5572050,30000,50907
5582050,30000,50478
5592050,30000,50043
5602050,30000,49616
5612050,30000,49209
5622050,30000,48807
5632050,30000,48402
5642050,30000,47995
5652050,30000,47556
5662050,30000,47134
5672050,30000,46698
5682050,30000,46270
5692050,30000,45834
5702050,30000,45422
5712050,30000,45019
5722050,30000,44614
5732050,30000,44223
5742050,30000,43792
5752050,30000,43371
5762050,30000,42938
5772050,30000,42522
5782050,30000,42080
5792050,30000,41658
5802050,30000,41233
5812050,30000,40833
5822050,30000,40427
5832050,30000,40023
5842050,30000,39598
5852050,30000,39165
5862050,30000,38743
5872050,30000,38306
5882050,30000,37880
5892050,30000,37446
5902050,30000,37047
5912050,30000,36635
5922050,30000,36246
5932050,30000,35831
5942050,30000,35403
5952050,30000,34977
5962050,30000,34553
5972050,30000,34125
5982050,30000,33687
5992050,30000,33262
6002050,30000,32851
6012050,30000,32452
6022050,30000,32048
6032050,30000,31635
6042050,30000,31196
6052050,30000,30775
6062050,30000,30335
6072050,30000,29911
6082050,30000,29477
6092050,30000,29060
6102050,30000,28661
6112050,30000,28253
6122050,30000,27866
6132050,30000,27434
6142050,30000,27010
6152050,30000,26582
6162050,30000,26162
6172050,30000,25723
6182050,30000,25299
6192050,30000,24870
6202050,30000,24508
6212050,30000,24300
6222050,30000,24377
6232050,30000,24729
6242050,30000,25138
6252050,30000,25560
6262050,30000,25984
6272050,30000,26414
6282050,30000,26835
6292050,30000,27273
6302050,30000,27709
6312050,30000,28122
6322050,30000,28521
6332050,30000,28928
6342050,30000,29325
6352050,30000,29748
6362050,30000,30104
6372050,30000,30232
6382050,30000,30181
6392050,30000,30106
6402050,30000,30072
6412050,30000,30063
6422050,30000,30063
6432050,30000,30056
6442050,30000,30050
6452050,30000,30049
6462050,30000,30045
6472050,30000,30034
6482050,30000,30023
6492050,30000,30018
6502050,30000,30018
6512050,30000,30018
6522050,30000,30017
6532050,30000,30016
6542050,30000,30014
6552050,30000,30014
6562050,30000,30013
6572050,30000,30012
6582050,30000,30012
6592050,30000,30011
6602050,30000,30010
6612050,30000,30009
6622050,30000,30009
6632050,30000,30008
6642050,30000,30006
6652050,30000,30002
6663050,30000,29998
6672050,30000,29994
6682050,30000,29992
6692050,30000,29992
6702050,30000,29992
6712050,30000,29992
6722050,30000,29992
6732050,30000,29992
6742050,30000,29992
6752050,30000,29993
6762050,30000,29993
6772050,30000,29993
6782050,30000,29993
6792050,30000,29993
6802050,30000,29993
6812050,30000,29993
6822050,30000,29993
6832050,30000,29993
6842050,30000,29993
6852050,30000,29994
6862050,30000,29993
6872050,30000,29993
6882050,30000,29994
6892050,30000,29994
6902050,30000,29994
6912050,30000,29994
6922050,30000,29994
6932050,30000,29994
6942050,30000,29994
6952050,30000,29994
6962050,30000,29994
6972050,30000,29994
6982050,30000,29995
6992050,30000,29995
7002050,30000,29995
7012050,30000,29995
7022050,30000,29995
7032050,30000,29995
7042050,30000,29995
7052050,30000,29995
7062050,30000,29995
7072050,30000,29995
7082050,30000,29995
7092050,30000,29995
7102050,30000,29995
7112050,30000,29995
7122050,30000,29995
7132050,30000,29995
7142050,30000,29996
7152050,30000,29996
7162050,30000,29997
7172050,30000,29997
7182050,30000,29997
7192050,30000,29997
7202050,30000,29997
7212050,30000,29997
7222050,30000,29998
7232050,30000,29998
7242050,30000,29997
7252050,30000,29998
7262050,30000,29998
7272050,30000,29998
7282050,30000,29998
7292050,30000,29998
7302050,30000,29997
7312050,30000,29998
7322050,30000,29998
7332050,30000,29998
7342050,30000,29998
7352050,30000,29998
7362050,30000,29998
7372050,30000,29998
7382050,30000,29998
7392050,30000,29999
7402050,30000,29999
7412050,30000,29998
7422050,30000,29999
7432050,30000,29999
7442050,30000,29999
7452050,30000,29999
7462050,30000,29999
7472050,30000,29999
7482050,30000,29998
7492050,30000,29999
7502050,30000,29998
7512050,30000,29999
7522050,30000,29999
7532050,30000,29999
7542050,30000,29999
7552050,30000,29999
7562050,30000,29999
7572050,30000,29999
7582050,30000,29999
7592050,30000,29999
7602050,30000,30000
7612050,30000,29999
7622050,30000,30000
7632050,30000,30000
7642050,30000,29999
7652050,30000,29999
7662050,30000,29999
7672050,30000,30000
7682050,30000,29999
7692050,30000,30000
7702050,30000,30000
7712050,30000,30000
7722050,30000,30000
7732050,30000,30000
7742050,30000,30000
7752050,30000,30000
7762050,30000,30000
7772050,30000,30000
7782050,30000,30000
7792050,30000,30000
7802050,30000,30000
7812050,30000,30000
7822050,30000,30000
7832050,30000,30000
7842050,30000,30000
7852050,30000,30000
7862050,30000,30000
7872050,30000,30000
7882050,30000,30000
7892050,30000,30000
7902050,30000,30000
7912050,30000,30000
7922050,30000,30000
7932050,30000,30000
7942050,30000,30000
7952050,30000,30000
7962050,30000,30000
7972050,30000,30000
7982050,30000,30000
7992050,30000,30000
8002050,30000,30000
8012050,30000,30000
8022050,30000,30000
8032050,30000,30000
8042050,30000,30000
8052050,30000,30000
8062050,30000,30000
8072050,30000,30000
8082050,30000,30000
8092050,30000,30000
8102050,30000,30000
8112050,30000,30000
8122050,30000,30000
8132050,30000,30000
8142050,30000,30000
8152050,30000,30000
8162050,30000,30000
8172050,30000,30000
8182050,30000,30000
8192050,30000,30000
8202050,30000,30000
8212050,30000,30000
8222050,30000,30000
8232050,30000,30000
8242050,30000,30000
8252050,30000,30000
8262050,30000,30000
8272050,30000,30000
8282050,30000,30000
8292050,30000,30000
8302050,30000,30000
8312050,30000,30000
8322050,30000,30000
8332050,30000,30000
8342050,30000,30000
8352050,30000,30000
8362050,30000,30000
8372050,30000,30000
8382050,30000,30000
8392050,30000,30000
8402050,30000,30000
8412050,30000,30000
8422050,30000,30000
8432050,30000,30000
8442050,30000,30000
8452050,30000,30000
8462050,30000,30000
8472050,30000,30000
8482050,30000,30000
8492050,30000,30000
8502050,30000,30000
8512050,30000,30000
8522050,30000,30000
8532050,30000,30000
8542050,30000,30000
8552050,30000,30001
8562050,30000,30000
8572050,30000,30000
8582050,30000,30000
8592050,30000,30000
8602050,30000,30000
8612050,30000,30000
8622050,30000,30000
8632050,30000,30000
8642050,30000,30000
8652050,30000,30000
8662050,30000,30000
8672050,30000,30000
8682050,30000,30000
8692050,30000,30000
8702050,30000,30000
8712050,30000,30000
8722050,30000,30000
8732050,30000,30001
8742050,30000,30000
8752050,30000,30000
8762050,30000,30001
8772050,30000,30001
8782050,30000,30000
8792050,30000,30000
8802050,30000,30000
8812050,30000,30000
8822050,30000,30001
8832050,30000,30000
8842050,30000,30000
8852050,30000,30000
8862050,30000,30000
8872050,30000,30000
8882050,30000,30000
8892050,30000,30000
8902050,30000,30000
8912050,30000,30000
8922050,30000,30000
8932050,30000,30000
8942050,30000,30000
8952050,30000,30001
8962050,30000,30001
8972050,30000,30000
8982050,30000,30000
8994050,59383,30000
9003050,59383,30131
9012050,59383,30489
9022050,59383,30930
9032050,59383,31363
9042050,59383,31802
9052050,59383,32218
9062050,59383,32624
9072050,59383,33021
9082050,59383,33430
9092050,59383,33840
9102050,59383,34268
9112050,59383,34688
9122050,59383,35116
9132050,59383,35555
9142050,59383,35988
9152050,59383,36396
9162050,59383,36798
9172050,59383,37202
9182050,59383,37601
9192050,59383,38027
9202050,59383,38442
9212050,59383,38880
9222050,59383,39309
9232050,59383,39756
9242050,59383,40179
9252050,59383,40587
9262050,59383,40989
9272050,59383,41384
9282050,59383,41803
9292050,59383,42218
9302050,59383,42648
9312050,59383,43066
9322050,59383,43504
9332050,59383,43942
9342050,59383,44368
9352050,59383,44767
9362050,59383,45175
9372050,59383,45568
9382050,59383,45984
9392050,59383,46404
9402050,59383,46834
9412050,59383,47276
9422050,59383,47702
9432050,59383,48147
9442050,59383,48556
9452050,59383,48966
9462050,59383,49363
9472050,59383,49769
9482050,59383,50181
9492050,59383,50607
9502050,59383,51028
9512050,59383,51454
9522050,59383,51890
9532050,59383,52324
9542050,59383,52738
9552050,59383,53140
9562050,59383,53546
9572050,59383,53944
9582050,59383,54369
9592050,59383,54784
9602050,59383,55221
9612050,59383,55647
9622050,59383,56095
9632050,59383,56522
9642050,59383,56931
9652050,59383,57334
9662050,59383,57731
9673050,59383,58187
9682050,59383,58560
9692050,59383,58989
9702050,59383,59410
9712050,59383,59845
9722050,59383,60279
9732050,59383,60714
9742050,59383,61092
9752050,59383,61340
9762050,59383,61316
9772050,59383,60995
9782050,59383,60603
9792050,59383,60173
9802050,59383,59755
9812050,59383,59409
9822050,59383,59304
9832050,59383,59348
9842050,59383,59386
9852050,59383,59377
9862050,59383,59381
9872050,59383,59378
9882050,59383,59379
9892050,59383,59379
9902050,59383,59379
9912050,59383,59379
9922050,59383,59379
9932050,59383,59379
9942050,59383,59380
9952050,59383,59380
9962050,59383,59381
9972050,59383,59381
9982050,59383,59381
9992050,59383,59381
10002050,59383,59381
10012050,59383,59382
10022050,59383,59382
10032050,59383,59381
10042050,59383,59381
10052050,59383,59381
10062050,59383,59381
10072050,59383,59381
10082050,59383,59381
10092050,59383,59381
10102050,59383,59381
10112050,59383,59381
10122050,59383,59381
10132050,59383,59381
10142050,59383,59381
10152050,59383,59382
10162050,59383,59382
10172050,59383,59382
10182050,59383,59383
10192050,59383,59383
10202050,59383,59383
10212050,59383,59383
10222050,59383,59383
10232050,59383,59383
10242050,59383,59383
10252050,59383,59382
10262050,59383,59382
10272050,59383,59382
10282050,59383,59382
10292050,59383,59382
10302050,59383,59382
10312050,59383,59382
10322050,59383,59383
10332050,59383,59383
10342050,59383,59383
10352050,59383,59383
10362050,59383,59383
10372050,59383,59383
10382050,59383,59383
10392050,59383,59383
10402050,59383,59383
10412050,59383,59383
10422050,59383,59383
10432050,59383,59383
10442050,59383,59383
10452050,59383,59383
10462050,59383,59383
10472050,59383,59383
10482050,59383,59383
10492050,59383,59383
10502050,59383,59383
10512050,59383,59383
10522050,59383,59383
10532050,59383,59383
10542050,59383,59383
10552050,59383,59383
10562050,59383,59383
10572050,59383,59383
10582050,59383,59383
10592050,59383,59383
10602050,59383,59383
10612050,59383,59383
10622050,59383,59383
10632050,59383,59384
10642050,59383,59383
10652050,59383,59383
10662050,59383,59383
10672050,59383,59383
10682050,59383,59383
10692050,59383,59383
10702050,59383,59383
10712050,59383,59383
10722050,59383,59383
10732050,59383,59383
10742050,59383,59383
10752050,59383,59383
10762050,59383,59383
10772050,59383,59383
10782050,59383,59383
10792050,59383,59383
10802050,59383,59383
10812050,59383,59384
10822050,59383,59384
10832050,59383,59384
10842050,59383,59384
10852050,59383,59383
10862050,59383,59383
10872050,59383,59383
10882050,59383,59383
10892050,59383,59383
10902050,59383,59383
10912050,59383,59383
10922050,59383,59383
10932050,59383,59383
10942050,59383,59383
10952050,59383,59383
10962050,59383,59383
10972050,59383,59383
10982050,59383,59383
10992050,59383,59383
11002050,59383,59383
11012050,59383,59384
11022050,59383,59384
11032050,59383,59384
11042050,59383,59384
11052050,59383,59383
11062050,59383,59383
11072050,59383,59383
11082050,59383,59383
11092050,59383,59383
11102050,59383,59383
11112050,59383,59383
11122050,59383,59383
11132050,59383,59383
11142050,59383,59383
11152050,59383,59383
11162050,59383,59383
11172050,59383,59383
11182050,59383,59383
11192050,59383,59383
11202050,59383,59383
11212050,59383,59384
11222050,59383,59383
11232050,59383,59383
11242050,59383,59383
11252050,59383,59383
11262050,59383,59383
11272050,59383,59383
11282050,59383,59383
11292050,59383,59383
11302050,59383,59383
11312050,59383,59383
11322050,59383,59383
11332050,59383,59383
11342050,59383,59383
11352050,59383,59383
11362050,59383,59383
11372050,59383,59383
11382050,59383,59383
11392050,59383,59383
11402050,59383,59383
11412050,59383,59383
11422050,59383,59384
11432050,59383,59383
11442050,59383,59383
11452050,59383,59383
11462050,59383,59383
11472050,59383,59383
11482050,59383,59383
11492050,59383,59383
11502050,59383,59383
11512050,59383,59383
11522050,59383,59383
11532050,59383,59383
11542050,59383,59383
11552050,59383,59383
11562050,59383,59383
11572050,59383,59383
11582050,59383,59383
11592050,59383,59383
11602050,59383,59383
11612050,59383,59383
11622050,59383,59383
11632050,59383,59383
11642050,59383,59383
11652050,59383,59383
11662050,59383,59383
11672050,59383,59384
11682050,59383,59383
11692050,59383,59383
11702050,59383,59383
11712050,59383,59383
11722050,59383,59383
11732050,59383,59383
11742050,59383,59383
11752050,59383,59383
11762050,59383,59383
11772050,59383,59383
11782050,59383,59383
11792050,59383,59383
11802050,59383,59383
11812050,59383,59383
11822050,59383,59383
11832050,59383,59384
11842050,59383,59383
11852050,59383,59383
11862050,59383,59384
11872050,59383,59383
11882050,59383,59383
11892050,59383,59383
11902050,59383,59383
11912050,59383,59383
11922050,59383,59383
11932050,59383,59383
11942050,59383,59383
11952050,59383,59383
11962050,59383,59383
11972050,59383,59383
11982050,59383,59383
11992050,59383,59383
12002050,59383,59383
12012050,59383,59383
12022050,59383,59383
12032050,59383,59383
12042050,59383,59383
12052050,59383,59383
12062050,59383,59383
12072050,59383,59383
12082050,59383,59383
12092050,59383,59383
12102050,59383,59383
12112050,59383,59383
12122050,59383,59383
12132050,59383,59383
12142050,59383,59383
12152050,59383,59383
12162050,59383,59383
12172050,59383,59383
12182050,59383,59383
12192050,59383,59383
12202050,59383,59383
12212050,59383,59383
12222050,59383,59383
12232050,59383,59383
12242050,59383,59383
12252050,59383,59383
12262050,59383,59383
12272050,59383,59383
12282050,59383,59383
12292050,59383,59383
12302050,59383,59383
12312050,59383,59383
12322050,59383,59383
12332050,59383,59383
12342050,59383,59383
12352050,59383,59383
12362050,59383,59383
12372050,59383,59383
12382050,59383,59383
12392050,59383,59383
12402050,59383,59383
12412050,59383,59383
12422050,59383,59383
12432050,59383,59383
12442050,59383,59383
12452050,59383,59383
12462050,59383,59383
12472050,59383,59383
12482050,59383,59383
12492050,59383,59383
12502050,59383,59383
12512050,59383,59383
12522050,59383,59383
12532050,59383,59383
12542050,59383,59383
12552050,59383,59383
12562050,59383,59383
12572050,59383,59383
12582050,59383,59383
12592050,59383,59383
12602050,59383,59383
12612050,59383,59383
12622050,59383,59383
12632050,59383,59383
12642050,59383,59383
12652050,59383,59383
12662050,59383,59383
12672050,59383,59383
12683050,59383,59383
12692050,59383,59383
12702050,59383,59383
12712050,59383,59383
12722050,59383,59383
12732050,59383,59383
12742050,59383,59383
12752050,59383,59383
12762050,59383,59383
12772050,59383,59383
12782050,59383,59383
12792050,59383,59383
12802050,59383,59383
12812050,59383,59383
12822050,59383,59383
12832050,59383,59383
12842050,59383,59383
12852050,59383,59383
12862050,59383,59383
12872050,59383,59383
12882050,59383,59383
12892050,59383,59383
12902050,59383,59383
12912050,59383,59383
12922050,59383,59383
12932050,59383,59383
12942050,59383,59383
12952050,59383,59383
12962050,59383,59383
12972050,59383,59383
12982050,59383,59383
12992050,59383,59383
13002050,59383,59383
13012050,59383,59383
13022050,59383,59383
13032050,59383,59383
13042050,59383,59383
13052050,59383,59383
13062050,59383,59383
13072050,59383,59383
13082050,59383,59383
13092050,59383,59383
13102050,59383,59383
13112050,59383,59383
13122050,59383,59383
13132050,59383,59383
13142050,59383,59383
13152050,59383,59383
13162050,59383,59383
13172050,59383,59383
13182050,59383,59383
13192050,59383,59383
13202050,59383,59383
13212050,59383,59383
13222050,59383,59383
13232050,59383,59383
13242050,59383,59383
13252050,59383,59383
13262050,59383,59383
13272050,59383,59383
13282050,59383,59383
13292050,59383,59383
13302050,59383,59383
13312050,59383,59383
13322050,59383,59383
13332050,59383,59383
13342050,59383,59383
13352050,59383,59383
13362050,59383,59383
13372050,59383,59383
13382050,59383,59383
13392050,59383,59383
13402050,59383,59383
13412050,59383,59383
13422050,59383,59383
13432050,59383,59383
13442050,59383,59383
13452050,59383,59383
13462050,59383,59383
13472050,59383,59383
13482050,59383,59383
13492050,59383,59383
13502050,59383,59383
13512050,59383,59383
13522050,59383,59383
13532050,59383,59383
13542050,59383,59383
13552050,59383,59383
13562050,59383,59383
13572050,59383,59383
13582050,59383,59383
13592050,59383,59383
13602050,59383,59383
13612050,59383,59383
13622050,59383,59383
13632050,59383,59383
13642050,59383,59383
13652050,59383,59383
13662050,59383,59383
13672050,59383,59383
13682050,59383,59383
13692050,59383,59383
13702050,59383,59383
13712050,59383,59383
13722050,59383,59383
13732050,59383,59383
13742050,59383,59383
13752050,59383,59383
13762050,59383,59383
13772050,59383,59383
13782050,59383,59383
13792050,59383,59383
13802050,59383,59384
13812050,59383,59383
13822050,59383,59383
13832050,59383,59383
13842050,59383,59383
13852050,59383,59383
13862050,59383,59383
13872050,59383,59383
13882050,59383,59383
13892050,59383,59383
13902050,59383,59383
13912050,59383,59383
13922050,59383,59383
13932050,59383,59383
13942050,59383,59383
13952050,59383,59383
13962050,59383,59383
13972050,59383,59383
13982050,59383,59383
13994050,30000,59383
14003050,30000,59261
14012050,30000,58927
14022050,30000,58489
14032050,30000,58073
14042050,30000,57644
14052050,30000,57250
14062050,30000,56844
14072050,30000,56445
14082050,30000,56021
14092050,30000,55594
14102050,30000,55170
14112050,30000,54737
14122050,30000,54311
14132050,30000,53874
14142050,30000,53478
14152050,30000,53068
14162050,30000,52676
14172050,30000,52274
14182050,30000,51847
14192050,30000,51427
14202050,30000,51000
14212050,30000,50579
14222050,30000,50141
14232050,30000,49714
14242050,30000,49304
14252050,30000,48905
14262050,30000,48509
14272050,30000,48104
14282050,30000,47678
14292050,30000,47247
14302050,30000,46822
14312050,30000,46385
14322050,30000,45957
14332050,30000,45531
14342050,30000,45134
14352050,30000,44724
14362050,30000,44342
14372050,30000,43924
14382050,30000,43503
14392050,30000,43075
14402050,30000,42659
14412050,30000,42224
14422050,30000,41799
14432050,30000,41370
14442050,30000,40971
14452050,30000,40569
14462050,30000,40173
14472050,30000,39757
14482050,30000,39322
14492050,30000,38899
14502050,30000,38467
14512050,30000,38044
14522050,30000,37606
14532050,30000,37202
14542050,30000,36796
14552050,30000,36395
14562050,30000,36008
14572050,30000,35578
14582050,30000,35166
14592050,30000,34738
14602050,30000,34323
14612050,30000,33881
14622050,30000,33458
14632050,30000,33035
14642050,30000,32639
14652050,30000,32235
14662050,30000,31835
14672050,30000,31410
14682050,30000,30979
14692050,30000,30558
14702050,30000,30122
14712050,30000,29696
14722050,30000,29262
14732050,30000,28869
14742050,30000,28467
14752050,30000,28176
14762050,30000,28128
14772050,30000,28392
14782050,30000,28803
14792050,30000,29201
14802050,30000,29618
14812050,30000,29955
14822050,30000,30066
14832050,30000,30011
14842050,30000,29980
14852050,30000,29993
14862050,30000,29989
14872050,30000,29991
14882050,30000,29991
14892050,30000,29991
14902050,30000,29991
14912050,30000,29991
14922050,30000,29991
14932050,30000,29991
14942050,30000,29991
14952050,30000,29991
14962050,30000,29992
14972050,30000,29992
14982050,30000,29992
14992050,30000,29992
15002050,30000,29992
15012050,30000,29992
15022050,30000,29993
15032050,30000,29993
15042050,30000,29993
15052050,30000,29994
15062050,30000,29994
15072050,30000,29994
15082050,30000,29995
15092050,30000,29995
15102050,30000,29995
15112050,30000,29995
15122050,30000,29995
15132050,30000,29995
15142050,30000,29995
15152050,30000,29995
15162050,30000,29995
15172050,30000,29995
15182050,30000,29996
15192050,30000,29996
15202050,30000,29996
15212050,30000,29997
15222050,30000,29997
15232050,30000,29997
15242050,30000,29998
15252050,30000,29998
15262050,30000,29998
15272050,30000,29998
15282050,30000,29998
15292050,30000,29999
15302050,30000,30000
15312050,30000,30000
15322050,30000,30000
15332050,30000,29999
15342050,30000,29999
15352050,30000,30000
15362050,30000,30000
15372050,30000,30000
15382050,30000,30000
15392050,30000,30000
15402050,30000,30000
15412050,30000,30000
15422050,30000,30000
15432050,30000,30000
15442050,30000,30000
15452050,30000,30000
15462050,30000,30000
15472050,30000,30000
15482050,30000,30000
15492050,30000,30000
15502050,30000,30001
15512050,30000,30000
15522050,30000,30001
15532050,30000,30001
15542050,30000,30000
15552050,30000,30001
15562050,30000,30000
15572050,30000,30000
15582050,30000,30001
15592050,30000,30000
15602050,30000,30001
15612050,30000,30000
15622050,30000,30000
15632050,30000,30001
15642050,30000,30001
15652050,30000,30001
15662050,30000,30001
15672050,30000,30001
15682050,30000,30001
15693050,30000,30001
15702050,30000,30001
15712050,30000,30001
15722050,30000,30001
15732050,30000,30001
15742050,30000,30001
15752050,30000,30001
15762050,30000,30001
15772050,30000,30001
15782050,30000,30000
15792050,30000,30001
15802050,30000,30000
15812050,30000,30001
15822050,30000,30000
15832050,30000,30001
15842050,30000,30000
15852050,30000,30001
15862050,30000,30001
15872050,30000,30001
15882050,30000,30001
15892050,30000,30001
15902050,30000,30001
15912050,30000,30000
15922050,30000,30001
15932050,30000,30001
15942050,30000,30001
15952050,30000,30001
15962050,30000,30000
15972050,30000,30000
15982050,30000,30001
15992050,30000,30000
16002050,30000,30001
16012050,30000,30000
16022050,30000,30000
16032050,30000,30000
16042050,30000,30000
16052050,30000,30000
16062050,30000,30000
16072050,30000,30000
16082050,30000,30000
16092050,30000,30001
16102050,30000,30001
16112050,30000,30001
16122050,30000,30001
16132050,30000,30001
16142050,30000,30000
16152050,30000,30000
16162050,30000,30000
16172050,30000,30001
16182050,30000,30001
16192050,30000,30000
16202050,30000,30001
16212050,30000,30000
16222050,30000,30000
16232050,30000,30000
16242050,30000,30000
16252050,30000,30001
16262050,30000,30000
16272050,30000,30001
16282050,30000,30000
16292050,30000,30000
16302050,30000,30000
16312050,30000,30001
16322050,30000,30000
16332050,30000,30001
16342050,30000,30000
16352050,30000,30001
16362050,30000,30000
16372050,30000,30000
16382050,30000,30000
16392050,30000,30000
16402050,30000,30000
16412050,30000,30000
16422050,30000,30000
16432050,30000,30000
16442050,30000,30000
16452050,30000,30000
16462050,30000,30000
16472050,30000,30000
16482050,30000,30000
16492050,30000,30001
16502050,30000,30000
16512050,30000,30000
16522050,30000,30000
16532050,30000,30000
16542050,30000,30000
16552050,30000,30000
16562050,30000,30000
16572050,30000,30000
16582050,30000,30000
16592050,30000,30000
16602050,30000,30000
16612050,30000,30000
16622050,30000,30000
16632050,30000,30001
16642050,30000,30000
16652050,30000,30000
16662050,30000,30000
16672050,30000,30000
16682050,30000,30001
16692050,30000,30000
16702050,30000,30000
16712050,30000,30000
16722050,30000,30000
16732050,30000,30000
16742050,30000,30000
16752050,30000,30000
16762050,30000,30000
16772050,30000,30000
16782050,30000,30000
16792050,30000,30000
16802050,30000,30000
16812050,30000,30000
16822050,30000,30000
16832050,30000,30000
16842050,30000,30000
16852050,30000,30000
16862050,30000,30001
16872050,30000,30000
16882050,30000,30000
16892050,30000,30000
16902050,30000,30000
16912050,30000,30000
16922050,30000,30000
16932050,30000,30001
16942050,30000,30000
16952050,30000,30001
16962050,30000,30000
16972050,30000,30000
16982050,30000,30000
16992050,30000,30000
17002050,30000,30000
17012050,30000,30000
17022050,30000,30000
17032050,30000,30000
17042050,30000,30000
17052050,30000,30000
17062050,30000,30000
17072050,30000,30000
17082050,30000,30000
17092050,30000,30000
17102050,30000,30000
17112050,30000,30000
17122050,30000,30000
17132050,30000,30000
17142050,30000,30000
17152050,30000,30001
17162050,30000,30000
17172050,30000,30000
17182050,30000,30001
17192050,30000,30000
17202050,30000,30000
17212050,30000,30000
17222050,30000,30000
17232050,30000,30000
17242050,30000,30000
17252050,30000,30000
17262050,30000,30000
17272050,30000,30000
17282050,30000,30000
17292050,30000,30000
17302050,30000,30001
17312050,30000,30000
17322050,30000,30000
17332050,30000,30000
17342050,30000,30000
17352050,30000,30000
17362050,30000,30000
17372050,30000,30000
17382050,30000,30001
17392050,30000,30000
17402050,30000,30000
17412050,30000,30000
17422050,30000,30000
17432050,30000,30000
17442050,30000,30000
17452050,30000,30000
17462050,30000,30000
17472050,30000,30000
17482050,30000,30000
17492050,30000,30000
17502050,30000,30000
17512050,30000,30000
17522050,30000,30000
17532050,30000,30000
17542050,30000,30000
17552050,30000,30000
17562050,30000,30000
17572050,30000,30000
17582050,30000,30000
17592050,30000,30000
17602050,30000,30000
17612050,30000,30000
17622050,30000,30000
17632050,30000,30000
17642050,30000,30000
17652050,30000,30000
17662050,30000,30001
17672050,30000,30000
17682050,30000,30001
17692050,30000,30000
17702050,30000,30000
17712050,30000,30000
17722050,30000,30000
17732050,30000,30000
17742050,30000,30000
17752050,30000,30000
17762050,30000,30000
17772050,30000,30001
17782050,30000,30000
17792050,30000,30000
17802050,30000,30000
17812050,30000,30000
17822050,30000,30000
17832050,30000,30000
17842050,30000,30000
17852050,30000,30000
17862050,30000,30000
17872050,30000,30000
17882050,30000,30000
17892050,30000,30000
17902050,30000,30000
17912050,30000,30000
17922050,30000,30000
17932050,30000,30000
17942050,30000,30000
17952050,30000,30000
17962050,30000,30000
17972050,30000,30000
17982050,30000,30000
17992050,30000,30000
18002050,30000,30000
18012050,30000,30000
18022050,30000,30000
18032050,30000,30000
18042050,30000,30000
18052050,30000,30000
18062050,30000,30000
18072050,30000,30000
18082050,30000,30001
18092050,30000,30000
18102050,30000,30000
18112050,30000,30000
18122050,30000,30000
18132050,30000,30000
18142050,30000,30000
18152050,30000,30000
18162050,30000,30000
18172050,30000,30001
18182050,30000,30000
18192050,30000,30000
18202050,30000,30000
18212050,30000,30000
18222050,30000,30000
18232050,30000,30000
18242050,30000,30000
18252050,30000,30000
18262050,30000,30001
18272050,30000,30000
18282050,30000,30000
18292050,30000,30001
18302050,30000,30000
18312050,30000,30000
18322050,30000,30000
18332050,30000,30000
18342050,30000,30000
18352050,30000,30001
18362050,30000,30000
18372050,30000,30000
18382050,30000,30001
18392050,30000,30000
18402050,30000,30000
18412050,30000,30000
18422050,30000,30000
18432050,30000,30000
18442050,30000,30001
18452050,30000,30000
18462050,30000,30000
18472050,30000,30000
18482050,30000,30000
18492050,30000,30000
18502050,30000,30000
18512050,30000,30000
18522050,30000,30000
18532050,30000,30001
18542050,30000,30000
18552050,30000,30000
18562050,30000,30000
18572050,30000,30000
18582050,30000,30000
18592050,30000,30000
18602050,30000,30000
18612050,30000,30000
18622050,30000,30000
18632050,30000,30000
18642050,30000,30000
18652050,30000,30000
18662050,30000,30000
18672050,30000,30000
18682050,30000,30000
18692050,30000,30000
18703050,30000,30000
18712050,30000,30001
18722050,30000,30000
18732050,30000,30000
18742050,30000,30001
18752050,30000,30000
18762050,30000,30000
18772050,30000,30000
18782050,30000,30000
18792050,30000,30000
18802050,30000,30000
18812050,30000,30000
18822050,30000,30001
18832050,30000,30000
18842050,30000,30000
18852050,30000,30000
18862050,30000,30000
18872050,30000,30000
18882050,30000,30000
18892050,30000,30000
18902050,30000,30000
18912050,30000,30000
18922050,30000,30000
18932050,30000,30000
18942050,30000,30000
18952050,30000,30000
18962050,30000,30000
18972050,30000,30000
18982050,30000,30000
18994050,60886,30000
19003050,60886,30131
19012050,60886,30488
19022050,60886,30929
19032050,60886,31362
19042050,60886,31801
19052050,60886,32216
19062050,60886,32624
19072050,60886,33023
19082050,60886,33431
19092050,60886,33846
19102050,60886,34271
19112050,60886,34699
19122050,60886,35132
19132050,60886,35567
19142050,60886,36004
19152050,60886,36410
19162050,60886,36808
19172050,60886,37212
19182050,60886,37611
19192050,60886,38039
19202050,60886,38451
19212050,60886,38888
19222050,60886,39318
19232050,60886,39762
19242050,60886,40185
19252050,60886,40595
19262050,60886,40997
19272050,60886,41391
19282050,60886,41808
19292050,60886,42215
19302050,60886,42641
19312050,60886,43059
19322050,60886,43496
19332050,60886,43930
19342050,60886,44359
19352050,60886,44753
19362050,60886,45160
19372050,60886,45551
19382050,60886,45967
19392050,60886,46386
19402050,60886,46816
19412050,60886,47251
19422050,60886,47684
19432050,60886,48127
19442050,60886,48538
19452050,60886,48946
19462050,60886,49345
19472050,60886,49745
19482050,60886,50159
19492050,60886,50575
19502050,60886,51000
19512050,60886,51425
19522050,60886,51857
19532050,60886,52294
19542050,60886,52710
19552050,60886,53109
19562050,60886,53512
19572050,60886,53908
19582050,60886,54333
19592050,60886,54749
19602050,60886,55181
19612050,60886,55611
19622050,60886,56053
19632050,60886,56483
19642050,60886,56893
19652050,60886,57298
19662050,60886,57692
19672050,60886,58107
19682050,60886,58518
19692050,60886,58944
19702050,60886,59363
19712050,60886,59795
19722050,60886,60229
19732050,60886,60666
19742050,60886,61059
19752050,60886,61461
19762050,60886,61861
19772050,60886,62266
19782050,60886,62674
19792050,60886,62918
19802050,60886,62872
19812050,60886,62525
19822050,60886,62083
19832050,60886,61686
19842050,60886,61279
19852050,60886,60953
19862050,60886,60835
19872050,60886,60867
19882050,60886,60912
19892050,60886,60912
19902050,60886,60906
19912050,60886,60909
19922050,60886,60907
19932050,60886,60907
19942050,60886,60906
19952050,60886,60906
19962050,60886,60906
19972050,60886,60906
19982050,60886,60905
19992050,60886,60904
20002050,60886,60904
20012050,60886,60903
20022050,60886,60903
20032050,60886,60903
20042050,60886,60902
20052050,60886,60901
20062050,60886,60901
20072050,60886,60900
20082050,60886,60898
20092050,60886,60896
20102050,60886,60894
20112050,60886,60894
20122050,60886,60893
20132050,60886,60891
20142050,60886,60890
20152050,60886,60889
20162050,60886,60888
20172050,60886,60888
20182050,60886,60887
20192050,60886,60887
20202050,60886,60887
20212050,60886,60887
20222050,60886,60886
20232050,60886,60887
20242050,60886,60887
20252050,60886,60887
20262050,60886,60886
20272050,60886,60886
20282050,60886,60886
20292050,60886,60886
20302050,60886,60886
20312050,60886,60885
20322050,60886,60885
20332050,60886,60884
20342050,60886,60885
20352050,60886,60885
20362050,60886,60885
20372050,60886,60884
20382050,60886,60884
20392050,60886,60884
20402050,60886,60884
20412050,60886,60884
20422050,60886,60884
20432050,60886,60884
20442050,60886,60885
20452050,60886,60884
20462050,60886,60885
20472050,60886,60884
20482050,60886,60885
20492050,60886,60885
20502050,60886,60884
20512050,60886,60884
20522050,60886,60885
20532050,60886,60884
20542050,60886,60885
20552050,60886,60885
20562050,60886,60884
20572050,60886,60884
20582050,60886,60884
20592050,60886,60884
20602050,60886,60884
20612050,60886,60885
20622050,60886,60885
20632050,60886,60885
20642050,60886,60884
20652050,60886,60885
20662050,60886,60884
20672050,60886,60884
20682050,60886,60885
20692050,60886,60884
20702050,60886,60885
20712050,60886,60885
20722050,60886,60885
20732050,60886,60885
20742050,60886,60885
20752050,60886,60884
20762050,60886,60885
20772050,60886,60884
20782050,60886,60885
20792050,60886,60884
20802050,60886,60885
20812050,60886,60885
20822050,60886,60885
20832050,60886,60885
20842050,60886,60885
20852050,60886,60885
20862050,60886,60885
20872050,60886,60885
20882050,60886,60885
20892050,60886,60885
20902050,60886,60885
20912050,60886,60885
20922050,60886,60885
20932050,60886,60885
20942050,60886,60885
20952050,60886,60885
20962050,60886,60885
20972050,60886,60885
20982050,60886,60885
20992050,60886,60885
21002050,60886,60885
21012050,60886,60885
21022050,60886,60885
21032050,60886,60885
21042050,60886,60885
21052050,60886,60885
21062050,60886,60885
21072050,60886,60885
21082050,60886,60885
21092050,60886,60885
21102050,60886,60885
21112050,60886,60885
21122050,60886,60885
21132050,60886,60885
21142050,60886,60885
21152050,60886,60885
21162050,60886,60885
21172050,60886,60885
21182050,60886,60886
21192050,60886,60885
21202050,60886,60885
21212050,60886,60885
21222050,60886,60885
21232050,60886,60885
21242050,60886,60885
21252050,60886,60885
21262050,60886,60885
21272050,60886,60885
21282050,60886,60885
21292050,60886,60886
21302050,60886,60885
21312050,60886,60885
21322050,60886,60885
21332050,60886,60885
21342050,60886,60885
21352050,60886,60885
21362050,60886,60885
21372050,60886,60886
21382050,60886,60885
21392050,60886,60885
21402050,60886,60886
21412050,60886,60885
21422050,60886,60886
21432050,60886,60885
21442050,60886,60886
21452050,60886,60885
21462050,60886,60886
21472050,60886,60886
21482050,60886,60886
21492050,60886,60885
21502050,60886,60885
21512050,60886,60886
21522050,60886,60886
21532050,60886,60885
21542050,60886,60886
21552050,60886,60886
21562050,60886,60886
21572050,60886,60886
21582050,60886,60885
21592050,60886,60886
21602050,60886,60886
21612050,60886,60885
21622050,60886,60886
21632050,60886,60886
21642050,60886,60885
21652050,60886,60885
21662050,60886,60886
21672050,60886,60886
21682050,60886,60886
21692050,60886,60885
21702050,60886,60886
21713050,60886,60886
21722050,60886,60886
21732050,60886,60886
21742050,60886,60885
21752050,60886,60886
21762050,60886,60886
21772050,60886,60886
21782050,60886,60885
21792050,60886,60886
21802050,60886,60886
21812050,60886,60885
21822050,60886,60886
21832050,60886,60885
21842050,60886,60886
21852050,60886,60886
21862050,60886,60886
21872050,60886,60886
21882050,60886,60885
21892050,60886,60886
21902050,60886,60885
21912050,60886,60886
21922050,60886,60886
21932050,60886,60886
21942050,60886,60885
21952050,60886,60886
21962050,60886,60886
21972050,60886,60886
21982050,60886,60886
21992050,60886,60886
22002050,60886,60886
22012050,60886,60886
22022050,60886,60886
22032050,60886,60886
22042050,60886,60886
22052050,60886,60885
22062050,60886,60886
22072050,60886,60886
22082050,60886,60886
22092050,60886,60886
22102050,60886,60886
22112050,60886,60885
22122050,60886,60886
22132050,60886,60886
22142050,60886,60886
22152050,60886,60886
22162050,60886,60886
22172050,60886,60886
22182050,60886,60886
22192050,60886,60886
22202050,60886,60886
22212050,60886,60886
22222050,60886,60886
22232050,60886,60886
22242050,60886,60886
22252050,60886,60886
22262050,60886,60886
22272050,60886,60885
22282050,60886,60886
22292050,60886,60886
22302050,60886,60886
22312050,60886,60886
22322050,60886,60886
22332050,60886,60885
22342050,60886,60886
22352050,60886,60886
22362050,60886,60886
22372050,60886,60886
22382050,60886,60886
22392050,60886,60886
22402050,60886,60886
22412050,60886,60886
22422050,60886,60886
22432050,60886,60886
22442050,60886,60886
22452050,60886,60886
22462050,60886,60886
22472050,60886,60886
22482050,60886,60886
22492050,60886,60886
22502050,60886,60886
22512050,60886,60886
22522050,60886,60886
22532050,60886,60886
22542050,60886,60886
22552050,60886,60886
22562050,60886,60886
22572050,60886,60886
22582050,60886,60886
22592050,60886,60886
22602050,60886,60886
22612050,60886,60886
22622050,60886,60886
22632050,60886,60886
22642050,60886,60886
22652050,60886,60886
22662050,60886,60886
22672050,60886,60886
22682050,60886,60886
22692050,60886,60886
22702050,60886,60886
22712050,60886,60886
22722050,60886,60886
22732050,60886,60886
22742050,60886,60886
22752050,60886,60886
22762050,60886,60886
22772050,60886,60886
22782050,60886,60886
22792050,60886,60886
22802050,60886,60886
22812050,60886,60886
22822050,60886,60886
22832050,60886,60886
22842050,60886,60886
22852050,60886,60885
22862050,60886,60885
22872050,60886,60886
22882050,60886,60886
22892050,60886,60886
22902050,60886,60886
22912050,60886,60886
22922050,60886,60886
22932050,60886,60886
22942050,60886,60886
22952050,60886,60886
22962050,60886,60886
22972050,60886,60885
22982050,60886,60886
22992050,60886,60885
23002050,60886,60886
23012050,60886,60886
23022050,60886,60886
23032050,60886,60885
23042050,60886,60886
23052050,60886,60886
23062050,60886,60885
23072050,60886,60886
23082050,60886,60886
23092050,60886,60886
23102050,60886,60885
23112050,60886,60886
23122050,60886,60886
23132050,60886,60886
23142050,60886,60886
23152050,60886,60886
23162050,60886,60886
23172050,60886,60886
23182050,60886,60886
23192050,60886,60886
23202050,60886,60886
23212050,60886,60886
23222050,60886,60886
23232050,60886,60886
23242050,60886,60886
23252050,60886,60886
23262050,60886,60886
23272050,60886,60886
23282050,60886,60886
23292050,60886,60886
23302050,60886,60886
23312050,60886,60886
23322050,60886,60886
23332050,60886,60886
23342050,60886,60886
23352050,60886,60886
23362050,60886,60886
23372050,60886,60886
23382050,60886,60886
23392050,60886,60886
23402050,60886,60886
23412050,60886,60886
23422050,60886,60886
23432050,60886,60886
23442050,60886,60886
23452050,60886,60886
23462050,60886,60886
23472050,60886,60886
23482050,60886,60886
23492050,60886,60886
23502050,60886,60886
23512050,60886,60886
23522050,60886,60886
23532050,60886,60886
23542050,60886,60886
23552050,60886,60886
23562050,60886,60886
23572050,60886,60886
23582050,60886,60886
23592050,60886,60886
23602050,60886,60886
23612050,60886,60886
23622050,60886,60886
23632050,60886,60886
23642050,60886,60886
23652050,60886,60886
23662050,60886,60886
23672050,60886,60886
23682050,60886,60886
23692050,60886,60886
23702050,60886,60886
23712050,60886,60886
23722050,60886,60886
23732050,60886,60886
23742050,60886,60886
23752050,60886,60886
23762050,60886,60886
23772050,60886,60886
23782050,60886,60886
23792050,60886,60886
23802050,60886,60886
23812050,60886,60886
23822050,60886,60886
23832050,60886,60886
23842050,60886,60886
23852050,60886,60886
23862050,60886,60886
23872050,60886,60886
23882050,60886,60886
23892050,60886,60886
23902050,60886,60886
23912050,60886,60886
23922050,60886,60886
23932050,60886,60886
23942050,60886,60886
23952050,60886,60886
23962050,60886,60886
23972050,60886,60886
23982050,60886,60886
23994050,30000,60886
24003050,30000,60770
24012050,30000,60435
24022050,30000,60010
24032050,30000,59583
24042050,30000,59165
24052050,30000,58743
24062050,30000,58312
24072050,30000,57887
24082050,30000,57476
24092050,30000,57078
24102050,30000,56685
24112050,30000,56273
24122050,30000,55852
24132050,30000,55415
24142050,30000,54992
24152050,30000,54559
24162050,30000,54133
24172050,30000,53709
24182050,30000,53315
24192050,30000,52903
24202050,30000,52523
24212050,30000,52096
24222050,30000,51675
24232050,30000,51244
24242050,30000,50831
24252050,30000,50401
24262050,30000,49980
24272050,30000,49554
24282050,30000,49153
24292050,30000,48751
24302050,30000,48355
24312050,30000,47939
24322050,30000,47506
24332050,30000,47083
24342050,30000,46650
24352050,30000,46227
24362050,30000,45793
24372050,30000,45390
24382050,30000,44986
24392050,30000,44585
24402050,30000,44195
24412050,30000,43762
24422050,30000,43343
24432050,30000,42916
24442050,30000,42506
24452050,30000,42068
24462050,30000,41650
24472050,30000,41224
24482050,30000,40829
24492050,30000,40427
24502050,30000,40029
24512050,30000,39605
24522050,30000,39177
24532050,30000,38756
24542050,30000,38321
24552050,30000,37899
24562050,30000,37466
24572050,30000,37074
24582050,30000,36665
24592050,30000,36276
24602050,30000,35866
24612050,30000,35437
24622050,30000,35011
24632050,30000,34594
24642050,30000,34171
24652050,30000,33741
24662050,30000,33316
24672050,30000,32907
24682050,30000,32507
24692050,30000,32112
24702050,30000,31703
24712050,30000,31282
24723050,30000,30809
24732050,30000,30425
24742050,30000,29991
24752050,30000,29563
24762050,30000,29144
24772050,30000,28751
24782050,30000,28341
24792050,30000,28020
24802050,30000,27902
24812050,30000,28064
24822050,30000,28451
24832050,30000,28859
24842050,30000,29255
24852050,30000,29669
24862050,30000,29989
24872050,30000,30078
24882050,30000,30015
24892050,30000,29994
24902050,30000,30009
24912050,30000,30005
24922050,30000,30007
24932050,30000,30005
24942050,30000,30006
24952050,30000,30005
24962050,30000,30006
24972050,30000,30005
24982050,30000,30005
24992050,30000,30005
25002050,30000,30005
25012050,30000,30005
25022050,30000,30005
25032050,30000,30005
25042050,30000,30004
25052050,30000,30004
25062050,30000,30004
25072050,30000,30004
25082050,30000,30004
25092050,30000,30004
25102050,30000,30004
25112050,30000,30004
25122050,30000,30004
25132050,30000,30004
25142050,30000,30004
25152050,30000,30003
25162050,30000,30003
25172050,30000,30003
25182050,30000,30003
25192050,30000,30003
25202050,30000,30002
25212050,30000,30002
25222050,30000,30001
25232050,30000,30001
25242050,30000,30001
25252050,30000,30001
25262050,30000,30001
25272050,30000,30001
25282050,30000,30001
25292050,30000,30001
25302050,30000,30001
25312050,30000,30001
25322050,30000,30001
25332050,30000,30001
25342050,30000,30001
25352050,30000,30001
25362050,30000,30001
25372050,30000,30001
25382050,30000,30001
25392050,30000,30001
25402050,30000,30001
25412050,30000,30001
25422050,30000,30001
25432050,30000,30001
25442050,30000,30001
25452050,30000,30001
25462050,30000,30001
25472050,30000,30001
25482050,30000,30000
25492050,30000,30000
25502050,30000,30000
25512050,30000,30001
25522050,30000,30001
25532050,30000,30001
25542050,30000,30001
25552050,30000,30001
25562050,30000,30001
25572050,30000,30000
25582050,30000,30001
25592050,30000,30000
25602050,30000,30000
25612050,30000,30000
25622050,30000,30000
25632050,30000,30000
